<root>
  <facet id="jpt.jaxb">
    <node name="libprov">
      <attribute name="provider-id" value="jaxb-user-library-provider"/>
    </node>
    <node name="platform">
      <attribute name="platform-id" value="generic_2_1"/>
    </node>
    <node name="schemas">
      <node name="schema-1">
        <attribute name="location" value="platform:/resource/ClinicSchema2/src/main/resources/Schema2.xsd"/>
        <attribute name="namespace" value="http://cs548.stevens.edu/clinic/service/web"/>
      </node>
    </node>
  </facet>
</root>
